petName,petType
Max,dog
Bella,dog
Charlie,dog
Luna,cat
Cooper,dog
Daisy,dog
Buddy,dog
Lucy,cat
Milo,cat
Sadie,dog
Rocky,dog
Molly,dog
Bailey,dog
Maggie,dog
Tucker,dog
Sophie,cat
Jack,dog
Chloe,cat
Duke,dog
Lola,dog
Bear,dog
Lily,cat
Bentley,dog
Penny,dog
Zeus,dog
Stella,dog
Oliver,cat
Zoe,dog
Gus,dog
Harley,dog
Toby,dog
Ruby,dog
Leo,cat
Oscar,dog
Coco,dog
Simba,cat
Pepper,bird
Gracie,dog
Baxter,dog
Rosie,dog
Shadow,cat
Murphy,dog
Roxy,dog
Ginger,cat
Riley,dog
Sam,dog
Jake,dog
Abby,dog
Ellie,dog
Nala,cat
Jasper,cat
Buster,dog
Princess,dog
Winston,dog
Thor,dog
Finn,dog
Bandit,dog
Izzy,dog
Teddy,dog
Mia,cat
Blue,bird
Diesel,dog
Apollo,dog
Peanut,hamster
Jax,dog
Piper,dog
Louie,dog
Marley,dog
Archie,dog
Ace,dog
Ollie,cat
Willow,dog
Koda,dog
Hunter,dog
Dexter,dog
Lucky,dog
Moose,dog
Scout,dog
Athena,dog
Boots,cat
Kona,dog
Angel,dog
Bruno,dog
Midnight,cat
Sasha,dog
George,cat
Beau,dog
Hazel,dog
Oreo,cat
Smokey,cat
Tank,dog
Lexi,dog
Zeus,dog
Ranger,dog
Chewy,hamster
Rusty,dog
Nova,dog
Ziggy,dog
Rex,dog
Frankie,dog
Rambo,dog
Whiskers,cat
Gunner,dog
Rocco,dog
Olive,dog
Cody,dog
Maverick,dog
Sammy,dog
Remi,dog
Tinkerbell,hamster
Romeo,dog
Maximus,dog
Mac,dog
Cash,dog
Boomer,dog
Jackson,dog
Emma,dog
Odin,dog
Bo,dog
Loki,dog
Chester,dog
Phoebe,dog
Maya,dog
Buttercup,bird
Cleopatra,lizard
Hank,dog
Thor,dog
Thor,dog
Apollo,dog
Lily,cat
Samson,dog
Chip,hamster
Luna,cat
Prince,dog
Benji,dog
Dakota,dog
Pumpkin,cat
Chase,dog
Zeus,dog
Duke,dog
Zeus,dog
Slinky,snake
Nina,cat
Rufus,dog
Henry,dog
Honey,dog
Patches,cat
Otis,dog
Hershey,dog
Oreo,cat
Biscuit,dog
King,dog
Loki,dog
Cookie,dog
Duke,dog
Ace,dog
Mocha,cat
Apollo,dog
Houdini,bird
Muffin,hamster
Thor,dog
Sally,bird
Gizmo,cat
Raven,bird
Echo,bird
Blue,bird
Luna,cat
Scooter,hamster
Pickles,hamster
Thor,dog
Snickers,hamster
Nibbles,hamster
Zeus,dog
Apollo,dog
Sammy,hamster
Zeus,dog
Fluffy,hamster
Zeus,dog
Apollo,dog
Zeus,dog
Sasha,lizard
Thor,dog
Apollo,dog
Kiwi,bird
Mango,bird
Zeus,dog
Apollo,dog
Thor,dog
Pebbles,hamster
Zeus,dog
Apollo,dog
Squeaky,hamster
Thor,dog
Zeus,dog
Apollo,dog
Nacho,lizard
Thor,dog
Zeus,dog
Peaches,bird
Zeus,dog
Apollo,dog
Thor,dog
